year,city,urban_area_sqkm
2015.0,Addis Ababa,205.96939409534315
2015.0,Kampala,263.68089745655635
2016.0,Addis Ababa,208.70799100159317
2016.0,Kampala,269.1563157221814
2017.0,Addis Ababa,211.19762486096812
2017.0,Kampala,284.8359209565564
2018.0,Addis Ababa,216.4258655797181
2018.0,Kampala,292.0535176128064
2019.0,Addis Ababa,219.66239454846811
2019.0,Kampala,300.2666448471814
2020.0,Addis Ababa,224.6416675172181
2020.0,Kampala,305.2442978003064
