Year,City,Rainfall_mm
2015,Addis Ababa,768.0094281
2015,Kampala,1271.579796
2016,Addis Ababa,1164.3808206
2016,Kampala,1051.015188
2017,Addis Ababa,1299.1030627
2017,Kampala,1177.956355
2018,Addis Ababa,1143.8447290000001
2018,Kampala,1392.375861
2019,Addis Ababa,1419.06992
2019,Kampala,1583.994613
2020,Addis Ababa,1249.8658125
2020,Kampala,1602.920214
